,Segmentation
0,D
2,B
3,B
5,C
6,C
7,D
8,D
9,C
10,A
11,D
14,B
15,C
16,D
17,B
18,B
19,C
20,A
21,D
22,A
23,B
25,C
26,A
27,C
28,B
29,C
30,C
31,A
32,D
34,D
35,D
36,D
37,D
38,A
40,B
41,D
42,A
44,A
46,B
48,D
49,A
50,B
51,C
52,A
53,C
54,A
55,B
56,D
58,C
60,C
61,C
62,D
63,A
64,A
65,A
66,A
67,A
68,B
70,D
71,A
72,B
73,D
74,C
75,B
76,D
77,A
78,C
80,C
81,D
82,A
83,B
84,A
85,D
86,C
87,C
88,D
89,D
90,B
91,C
92,C
93,D
94,B
96,D
97,C
98,C
99,D
100,C
101,B
102,A
103,A
104,B
105,D
106,D
107,D
109,D
111,A
113,C
114,D
115,B
116,D
117,C
119,A
120,C
121,B
122,B
123,D
124,D
125,A
127,C
128,A
129,C
130,A
131,C
132,D
134,B
135,A
137,D
138,D
139,B
140,A
141,C
142,C
144,B
145,C
146,A
147,B
148,D
149,C
150,A
151,A
152,C
153,B
154,C
155,D
156,C
157,C
158,B
159,C
160,C
161,D
162,A
164,C
165,C
166,C
167,D
168,B
169,C
170,B
171,C
172,B
173,B
174,C
175,C
176,D
177,D
178,D
179,A
180,C
183,C
184,A
187,A
188,D
189,B
190,B
191,C
192,D
194,C
195,A
196,A
197,B
198,A
199,B
200,C
202,D
203,A
204,A
205,D
206,D
207,C
208,B
210,B
211,B
212,C
214,C
215,D
216,C
221,A
222,A
223,D
224,D
226,B
227,B
228,D
232,B
234,A
235,C
236,B
238,B
239,C
240,C
241,C
242,A
243,C
244,C
245,A
246,D
247,B
248,A
249,B
251,B
253,C
254,B
255,A
258,A
259,A
260,C
262,D
264,B
265,D
266,B
267,C
268,A
269,A
270,C
271,D
273,B
274,B
275,B
276,C
277,B
278,A
279,D
280,C
281,A
282,C
283,A
284,C
285,B
286,D
287,A
288,D
289,C
291,D
293,D
294,D
295,B
296,A
297,A
298,A
299,B
302,D
303,D
304,B
306,C
307,B
308,B
313,A
314,A
315,C
316,D
317,B
318,B
319,D
320,B
321,A
323,D
324,A
325,A
326,D
327,B
328,D
329,C
330,B
332,C
333,C
334,A
335,A
336,D
337,A
338,A
339,C
340,B
341,B
342,A
343,A
344,C
345,A
346,D
347,A
348,C
353,B
354,D
355,A
356,D
357,A
358,A
359,D
361,A
362,B
363,A
364,B
365,A
366,D
367,A
368,D
369,C
370,B
371,D
372,D
374,D
375,A
376,C
377,C
378,C
379,D
380,A
381,B
382,A
383,B
384,A
385,C
387,B
390,A
391,B
392,A
393,C
395,D
396,B
397,A
398,D
399,C
400,D
402,C
403,C
404,B
405,B
407,C
408,D
410,B
411,B
412,B
413,D
414,B
415,A
416,B
417,C
418,D
420,D
421,B
422,C
423,B
424,A
425,C
426,A
427,A
429,A
430,A
432,B
433,A
434,A
435,B
436,C
438,A
439,A
441,C
442,C
443,A
445,C
446,A
447,A
449,D
450,B
451,D
454,C
455,C
457,D
458,B
459,D
460,C
461,A
462,A
463,B
464,A
465,D
466,A
468,C
469,D
471,C
472,A
473,C
474,B
476,B
477,A
478,C
479,A
480,C
481,D
482,D
483,D
484,D
485,D
486,A
487,A
488,B
489,C
490,A
491,A
492,C
493,C
494,A
495,A
496,B
497,D
500,D
501,D
502,A
504,A
505,D
506,C
507,D
509,C
511,B
512,A
513,A
514,C
515,B
516,A
517,A
519,C
520,A
521,C
522,D
523,C
524,A
526,D
527,B
528,A
529,C
530,B
531,A
533,B
534,C
535,C
536,A
537,B
538,C
539,C
540,B
541,C
542,C
543,B
544,C
546,A
547,C
548,C
549,B
550,D
551,D
553,A
554,D
555,A
556,A
557,A
558,C
559,C
560,B
562,D
563,D
565,D
568,D
569,A
570,D
571,D
572,C
573,A
574,C
577,C
578,D
579,C
582,A
583,A
584,D
587,C
588,A
589,D
590,B
591,A
592,D
594,D
595,D
596,A
597,B
598,B
600,C
606,A
607,C
608,C
609,C
610,B
611,C
612,C
613,D
616,C
618,D
619,A
621,D
622,A
623,C
624,C
625,D
626,D
627,B
628,C
629,B
630,C
631,D
632,A
633,A
635,A
636,D
638,C
639,C
640,A
642,D
643,D
644,C
645,D
646,C
648,B
649,B
650,C
651,A
653,A
655,A
656,A
657,A
658,C
659,A
662,D
663,C
664,D
667,A
668,D
669,D
670,C
671,C
672,B
673,D
674,D
675,C
676,C
677,C
678,D
679,A
680,D
681,C
683,A
684,C
685,A
686,C
687,D
688,D
689,D
690,D
691,D
692,A
694,C
695,A
697,D
698,B
699,A
700,D
702,D
704,B
706,A
707,B
708,C
709,B
710,D
711,D
712,D
713,D
714,B
715,D
716,B
717,D
719,D
721,D
723,A
724,D
725,A
726,D
727,A
728,D
729,D
730,A
731,C
732,A
734,A
735,B
737,D
738,A
739,B
740,D
741,B
743,A
744,C
745,B
746,C
747,C
748,C
750,D
751,D
752,C
753,B
754,D
755,B
757,B
758,B
759,C
760,A
762,A
763,B
764,B
765,C
767,B
768,A
770,D
771,B
772,B
773,B
774,B
775,C
776,C
778,D
779,B
780,D
781,B
782,A
783,B
784,D
785,C
786,D
787,B
789,A
790,B
791,D
792,B
793,D
794,B
796,D
797,C
798,C
799,C
800,C
802,D
803,B
804,D
805,D
806,C
807,A
808,D
809,C
810,C
811,A
812,D
813,C
814,A
815,A
820,C
821,D
822,A
823,C
825,A
826,C
828,C
829,A
830,C
831,D
832,A
834,B
836,D
837,C
838,B
840,D
841,D
842,B
843,B
844,D
847,D
848,D
849,D
852,B
853,B
854,B
855,A
856,D
858,D
859,D
860,B
861,A
862,A
863,B
864,D
865,A
866,D
868,D
869,A
870,D
871,C
873,D
874,B
875,B
876,C
877,A
878,D
879,A
880,C
882,C
883,D
884,A
885,A
886,C
888,B
889,C
890,B
891,C
892,A
893,B
894,D
896,D
897,B
898,C
900,B
902,C
904,D
905,D
906,B
908,D
914,D
915,A
916,A
917,A
918,B
919,A
920,C
921,B
922,B
923,C
925,D
926,D
928,B
929,D
931,B
932,A
933,C
934,A
935,A
936,A
937,D
938,D
939,D
940,D
941,C
942,C
944,A
945,B
946,A
947,B
948,C
949,D
950,D
951,A
952,A
953,C
954,C
955,A
957,C
960,C
961,B
962,A
964,A
968,D
969,D
972,D
973,B
974,B
975,A
976,A
977,A
979,B
980,D
981,D
982,B
983,D
984,D
986,A
987,B
988,A
989,C
990,A
991,A
992,B
993,B
994,A
995,C
996,C
997,A
998,C
999,A
1000,A
1001,A
1003,C
1004,D
1005,C
1006,C
1007,A
1008,D
1010,B
1011,C
1012,C
1013,B
1014,B
1015,B
1016,B
1017,B
1018,C
1019,C
1020,D
1021,B
1022,D
1023,C
1024,D
1025,B
1026,A
1027,B
1030,C
1031,B
1032,A
1033,D
1035,D
1036,A
1037,C
1038,A
1039,D
1040,B
1041,A
1042,B
1043,B
1044,A
1045,A
1046,B
1047,D
1048,B
1049,D
1050,A
1051,C
1052,B
1053,C
1054,B
1056,D
1057,D
1058,B
1059,B
1060,D
1061,B
1062,A
1064,A
1065,C
1066,D
1070,C
1071,C
1072,C
1073,D
1074,D
1075,A
1076,C
1077,D
1078,C
1079,D
1080,D
1081,C
1082,A
1083,A
1084,B
1085,D
1086,B
1087,C
1089,B
1090,C
1091,C
1094,D
1096,D
1097,B
1098,A
1099,C
1100,B
1101,D
1102,A
1103,D
1104,D
1105,B
1106,B
1107,A
1108,C
1109,D
1110,B
1111,D
1112,A
1113,A
1114,A
1115,C
1116,C
1117,B
1118,C
1119,C
1120,A
1121,D
1122,C
1123,C
1124,C
1125,D
1126,B
1127,C
1129,C
1132,C
1133,C
1134,C
1135,C
1136,C
1137,A
1138,D
1139,C
1140,D
1142,A
1143,B
1144,A
1145,D
1146,C
1147,A
1148,D
1149,A
1150,B
1151,C
1152,B
1153,B
1154,C
1155,D
1156,A
1157,C
1158,D
1159,D
1160,C
1161,D
1162,A
1163,D
1164,D
1165,C
1166,A
1167,A
1168,C
1169,A
1170,B
1171,A
1172,C
1173,A
1174,B
1175,B
1176,C
1177,A
1179,D
1180,B
1181,C
1183,D
1184,A
1185,C
1186,C
1187,A
1189,A
1190,C
1191,B
1193,D
1194,A
1195,D
1196,A
1197,C
1198,A
1199,B
1200,C
1202,A
1203,B
1204,D
1205,D
1206,C
1207,B
1208,B
1209,C
1210,B
1211,C
1212,D
1213,B
1214,B
1215,C
1216,B
1217,C
1218,C
1220,B
1221,B
1222,B
1224,B
1225,C
1226,D
1228,A
1229,C
1230,B
1232,C
1233,A
1234,A
1235,D
1236,D
1237,C
1238,B
1239,B
1241,A
1242,C
1243,C
1244,D
1245,C
1246,A
1247,C
1248,C
1249,C
1250,D
1251,C
1252,A
1253,A
1254,C
1255,A
1256,C
1257,A
1258,A
1259,B
1260,D
1261,D
1263,A
1264,B
1265,C
1266,C
1267,D
1268,B
1269,C
1272,D
1273,C
1274,B
1275,A
1276,D
1277,A
1278,D
1279,C
1280,D
1281,B
1282,C
1283,A
1284,B
1285,C
1286,B
1288,A
1289,C
1290,A
1291,B
1292,A
1293,B
1294,D
1295,B
1296,C
1297,D
1298,A
1299,D
1300,A
1301,D
1302,A
1303,C
1304,B
1305,D
1306,B
1308,D
1309,B
1310,D
1311,A
1312,A
1313,B
1314,D
1315,D
1317,A
1318,A
1319,D
1321,A
1323,B
1324,D
1325,C
1328,C
1329,D
1330,B
1331,A
1332,D
1333,A
1336,D
1337,A
1338,D
1340,C
1341,B
1342,C
1343,A
1344,A
1345,C
1346,D
1348,D
1349,C
1350,D
1351,A
1352,C
1353,C
1354,D
1355,B
1356,D
1357,C
1358,B
1360,D
1361,A
1362,D
1363,C
1365,D
1366,D
1367,B
1369,A
1370,A
1372,A
1373,A
1376,A
1377,D
1378,C
1379,C
1380,C
1381,B
1382,B
1383,D
1385,B
1387,C
1390,B
1392,D
1393,A
1394,B
1395,A
1396,D
1398,B
1399,D
1400,A
1401,D
1402,B
1403,D
1404,C
1405,B
1406,A
1407,C
1408,C
1410,D
1411,C
1412,C
1413,A
1414,A
1415,A
1418,C
1419,A
1420,C
1421,A
1422,C
1423,C
1424,D
1425,A
1426,B
1427,B
1429,B
1431,D
1432,B
1433,C
1434,A
1435,A
1436,B
1437,D
1438,A
1440,C
1441,D
1442,C
1443,A
1445,C
1447,D
1448,B
1449,D
1450,C
1451,C
1452,D
1453,A
1454,C
1455,D
1456,B
1457,B
1458,C
1463,A
1464,B
1465,A
1466,B
1467,A
1469,D
1470,A
1471,C
1472,C
1473,B
1474,B
1475,C
1476,C
1477,C
1480,A
1481,C
1482,C
1484,D
1485,A
1487,C
1488,B
1489,D
1490,A
1491,A
1492,D
1493,C
1494,C
1495,C
1496,C
1497,D
1498,B
1499,C
1500,B
1502,D
1503,A
1504,D
1505,C
1507,B
1508,A
1510,C
1511,D
1513,B
1514,C
1515,A
1517,B
1518,D
1519,D
1520,C
1521,B
1522,A
1523,B
1524,C
1525,C
1526,A
1527,D
1528,D
1529,C
1530,D
1531,B
1534,D
1535,A
1537,D
1539,B
1540,A
1541,C
1542,A
1543,B
1544,A
1545,C
1546,D
1548,D
1549,A
1550,D
1551,D
1552,D
1553,C
1554,B
1555,A
1556,A
1557,A
1558,B
1559,C
1560,B
1561,C
1562,B
1563,B
1564,D
1565,D
1566,B
1567,D
1569,B
1570,C
1571,A
1572,C
1573,B
1574,D
1575,D
1576,D
1577,B
1578,B
1579,D
1581,B
1582,A
1584,C
1585,B
1586,D
1587,D
1588,B
1589,D
1590,C
1591,A
1593,A
1594,C
1595,A
1596,A
1597,B
1598,A
1599,A
1601,C
1602,A
1603,B
1604,D
1606,D
1607,A
1608,B
1609,A
1611,A
1612,D
1613,C
1614,A
1616,B
1617,B
1618,A
1619,C
1620,D
1621,D
1622,D
1623,A
1624,B
1626,D
1627,D
1628,B
1629,C
1630,B
1631,A
1633,A
1635,C
1636,D
1637,A
1638,D
1639,D
1640,A
1641,A
1642,A
1643,C
1644,B
1645,C
1646,B
1647,C
1649,A
1650,D
1651,A
1652,C
1653,B
1655,A
1656,B
1657,B
1658,B
1659,C
1660,D
1661,A
1663,A
1664,A
1665,A
1666,B
1667,C
1668,A
1670,A
1671,C
1672,C
1673,C
1674,D
1675,A
1676,B
1677,D
1679,D
1680,C
1681,D
1682,A
1683,C
1684,A
1685,C
1686,D
1687,C
1690,B
1691,B
1692,C
1693,A
1694,B
1695,A
1696,D
1698,B
1699,C
1700,B
1702,B
1703,D
1704,C
1705,D
1706,B
1707,A
1708,D
1709,C
1710,B
1712,C
1713,C
1714,D
1715,B
1716,B
1717,A
1719,A
1720,B
1722,B
1723,C
1724,C
1725,D
1727,C
1728,C
1729,C
1730,C
1732,C
1733,C
1734,A
1735,B
1736,B
1738,B
1739,C
1740,D
1741,A
1742,A
1743,D
1745,D
1746,D
1748,C
1749,C
1750,A
1752,C
1753,C
1754,C
1755,B
1756,D
1757,B
1758,A
1759,C
1761,B
1764,D
1765,C
1766,A
1767,A
1768,C
1769,B
1770,C
1771,C
1772,A
1773,D
1774,A
1776,C
1777,B
1778,A
1779,C
1780,A
1781,D
1782,A
1783,D
1784,A
1785,D
1787,C
1789,C
1790,A
1791,A
1793,D
1795,C
1798,A
1799,D
1800,A
1801,A
1802,A
1803,A
1804,D
1805,D
1806,C
1808,B
1809,B
1810,D
1811,D
1812,C
1813,A
1814,A
1816,C
1817,D
1818,C
1819,A
1820,B
1821,C
1822,B
1823,A
1824,D
1825,A
1826,C
1827,A
1829,C
1830,B
1831,A
1832,D
1833,C
1835,B
1836,D
1837,D
1838,B
1839,A
1840,C
1841,C
1842,A
1843,D
1845,C
1847,A
1848,C
1849,B
1850,D
1851,A
1852,B
1853,A
1854,D
1855,D
1856,C
1857,C
1858,D
1859,D
1860,C
1861,A
1862,D
1863,B
1864,C
1865,C
1866,A
1867,B
1868,D
1869,C
1870,A
1871,B
1872,B
1873,B
1874,D
1875,C
1876,D
1877,B
1878,A
1879,A
1880,D
1881,D
1882,C
1886,A
1887,D
1888,D
1889,B
1890,A
1891,C
1892,D
1893,D
1894,B
1895,D
1896,A
1897,B
1898,D
1899,A
1902,D
1906,D
1907,C
1908,A
1909,C
1910,B
1911,A
1912,C
1914,D
1915,A
1916,D
1917,C
1918,D
1920,D
1921,D
1922,C
1923,A
1924,D
1925,C
1929,D
1931,C
1933,C
1934,B
1935,A
1936,B
1937,C
1938,C
1939,B
1940,C
1941,B
1942,D
1943,B
1944,A
1945,A
1946,B
1947,C
1948,A
1949,D
1950,A
1951,C
1952,A
1953,C
1955,D
1956,C
1957,A
1958,A
1959,B
1960,A
1961,A
1963,A
1964,A
1965,B
1966,C
1967,C
1968,C
1969,D
1972,D
1974,D
1976,B
1977,A
1978,B
1979,B
1980,C
1981,A
1982,A
1983,D
1984,A
1985,A
1986,D
1987,B
1988,A
1989,B
1990,B
1991,D
1992,D
1993,A
1994,C
1995,C
1996,C
1997,D
1998,D
1999,A
2001,B
2002,B
2003,A
2004,A
2005,A
2006,C
2007,D
2008,C
2009,A
2010,A
2011,B
2012,A
2013,D
2014,A
2015,B
2016,C
2017,A
2018,C
2019,D
2021,B
2022,D
2023,C
2024,D
2025,D
2026,D
2027,D
2028,B
2029,B
2030,B
2031,B
2032,A
2033,B
2034,C
2035,C
2036,D
2038,A
2039,D
2040,C
2041,A
2042,C
2044,B
2045,B
2046,D
2047,D
2052,C
2053,B
2054,B
2055,A
2056,D
2058,B
2059,B
2060,B
2061,D
2062,A
2063,C
2064,A
2068,D
2070,B
2071,A
2073,B
2074,D
2075,B
2076,B
2077,A
2078,D
2080,A
2081,B
2082,C
2083,C
2084,C
2085,C
2086,D
2087,B
2090,A
2092,B
2093,D
2094,B
2095,B
2097,D
2098,B
2099,A
2100,D
2102,A
2105,D
2106,A
2108,B
2109,D
2111,A
2113,D
2114,A
2115,B
2116,D
2117,D
2118,B
2119,A
2120,D
2121,D
2122,A
2123,A
2124,A
2125,B
2126,C
2127,A
2128,B
2129,A
2131,A
2132,A
2133,C
2134,B
2135,A
2136,D
2137,B
2138,B
2139,B
2140,C
2141,A
2142,C
2143,D
2144,A
2145,B
2146,C
2148,D
2149,B
2150,C
2151,D
2152,A
2153,D
2154,B
2155,C
2158,D
2160,B
2162,D
2163,C
2165,C
2166,A
2167,B
2168,A
2169,A
2170,C
2171,D
2172,D
2173,D
2174,B
2175,C
2177,A
2178,B
2179,C
2181,B
2182,A
2185,B
2186,D
2187,D
2188,D
2189,B
2190,D
2191,A
2192,A
2193,C
2194,D
2195,D
2196,A
2197,D
2198,A
2199,D
2200,D
2201,A
2203,A
2204,A
2205,A
2206,D
2207,A
2208,B
2209,A
2210,D
2211,C
2212,B
2213,B
2214,D
2215,A
2216,D
2217,D
2219,B
2220,C
2221,B
2222,D
2223,B
2224,D
2225,A
2226,C
2227,A
2229,C
2230,D
2231,B
2232,C
2233,A
2236,B
2237,A
2239,B
2240,B
2241,D
2242,B
2243,D
2244,C
2245,A
2246,B
2247,D
2248,A
2249,B
2250,D
2251,A
2252,D
2254,C
2255,D
2256,D
2258,A
2259,A
2260,A
2261,D
2262,B
2263,C
2264,D
2265,B
2266,D
2267,D
2268,A
2269,D
2270,C
2271,A
2272,C
2274,D
2275,D
2276,D
2277,B
2278,B
2279,B
2281,D
2284,B
2285,B
2287,D
2289,B
2290,D
2292,D
2293,A
2294,D
2295,A
2296,D
2297,C
2298,A
2300,D
2301,C
2302,A
2303,C
2304,C
2305,D
2306,C
2307,A
2308,C
2309,C
2311,B
2312,C
2315,B
2316,C
2317,D
2318,B
2319,B
2321,D
2322,C
2323,D
2324,B
2325,A
2326,D
2327,C
2329,B
2331,C
2333,D
2334,C
2335,D
2337,C
2338,A
2339,C
2340,B
2341,A
2343,B
2344,B
2346,C
2347,B
2348,B
2349,B
2350,C
2351,B
2352,D
2354,B
2355,A
2356,D
2357,B
2359,A
2360,A
2361,A
2362,D
2363,D
2364,B
2365,B
2367,D
2368,D
2369,A
2370,C
2371,C
2372,C
2373,A
2374,D
2375,A
2376,D
2377,B
2378,D
2379,B
2380,D
2381,B
2382,A
2383,C
2385,D
2386,D
2387,C
2388,D
2389,C
2391,D
2393,D
2394,C
2395,D
2397,C
2398,C
2399,B
2400,D
2401,D
2403,D
2407,B
2408,C
2409,B
2410,A
2411,C
2412,D
2413,B
2414,A
2415,C
2416,C
2417,B
2418,C
2419,B
2420,D
2421,D
2422,C
2424,A
2425,D
2426,B
2427,A
2428,A
2429,C
2430,B
2431,C
2432,C
2434,B
2435,C
2437,D
2438,A
2439,A
2440,D
2441,D
2442,C
2443,C
2444,B
2445,B
2447,D
2448,A
2449,D
2450,D
2451,C
2452,B
2453,B
2454,A
2455,B
2456,A
2457,D
2458,B
2460,D
2461,C
2463,D
2464,C
2465,C
2466,D
2467,B
2468,A
2469,B
2470,C
2471,A
2472,C
2473,B
2474,A
2475,D
2476,D
2478,A
2479,B
2481,A
2482,B
2484,D
2485,A
2487,C
2488,A
2489,C
2490,C
2492,D
2493,C
2494,A
2495,D
2496,B
2498,D
2500,B
2503,B
2504,D
2505,B
2507,A
2508,C
2509,C
2510,A
2511,C
2514,A
2515,B
2517,C
2518,A
2519,D
2520,D
2522,A
2524,C
2525,D
2526,C
2527,B
2528,B
2529,B
2531,A
2533,C
2535,B
2536,A
2537,C
2538,A
2539,A
2540,A
2541,C
2542,B
2543,B
2547,D
2549,A
2550,A
2551,C
2552,A
2554,A
2556,A
2557,C
2558,D
2559,A
2560,B
2561,C
2562,D
2563,C
2564,A
2565,B
2567,B
2568,A
2569,D
2570,D
2571,C
2572,A
2573,A
2574,A
2575,C
2576,B
2577,D
2579,B
2580,C
2581,A
2582,D
2584,B
2586,C
2587,C
2588,B
2590,D
2591,D
2592,B
2593,D
2594,D
2595,D
2596,A
2598,D
2599,D
2601,C
2602,B
2603,A
2604,D
2606,C
2608,C
2609,A
2610,D
2611,C
2612,D
2613,B
2614,A
2615,A
2616,C
2617,D
2618,D
2619,D
2620,A
2621,C
2623,B
2624,A
2625,B
2627,D
2628,B
2629,C
2630,D
2631,C
2633,C
2634,A
2635,D
2636,C
2637,B
2638,C
2639,C
2640,C
2642,C
2643,D
2644,B
2645,D
2646,D
2647,C
2649,D
2650,A
2651,A
2652,B
2653,B
2654,B
2655,D
2656,C
2657,A
2658,B
2659,C
2660,A
2661,A
2662,D
2663,B
2664,A
2667,D
2668,B
2670,C
2673,A
2674,B
2675,A
2676,C
2679,D
2682,A
2684,D
2685,A
2686,A
2687,D
2688,B
2689,A
2690,C
2691,B
2692,A
2693,C
2694,D
2695,C
2697,C
2698,C
2700,B
2702,A
2703,C
2704,C
2705,B
2706,A
2707,C
2709,D
2710,D
2711,B
2712,B
2713,B
2714,C
2715,A
2716,C
2718,A
2719,A
2720,B
2721,A
2723,A
2724,B
2725,D
2726,D
2727,C
2728,B
2729,A
2731,B
2732,B
2733,A
2734,C
2735,D
2737,A
2739,C
2740,B
2741,D
2742,B
2743,D
2745,A
2746,D
2747,C
2748,D
2749,C
2750,D
2751,B
2752,D
2754,B
2755,D
2756,D
2757,D
2758,C
2759,D
2761,A
2762,A
2763,A
2765,C
2767,A
2770,B
2771,A
2772,B
2773,A
2774,C
2775,A
2776,C
2777,D
2778,D
2779,B
2780,A
2781,A
2782,B
2783,A
2785,C
2786,A
2787,B
2790,D
2791,B
2792,B
2793,A
2795,D
2796,B
2797,A
2798,B
2800,A
2801,B
2803,A
2804,A
2805,C
2807,D
2808,B
2809,A
2810,C
2811,C
2812,C
2814,C
2815,C
2816,C
2817,D
2818,D
2819,C
2821,A
2822,D
2823,B
2824,D
2825,D
2826,A
2827,D
2828,A
2829,C
2830,D
2831,A
2834,C
2835,A
2836,D
2837,C
2838,B
2839,D
2840,B
2841,B
2843,D
2844,A
2845,C
2846,C
2847,D
2848,C
2849,D
2850,B
2851,C
2852,C
2853,C
2854,D
2855,C
2856,C
2857,C
2858,C
2859,A
2860,C
2861,C
2864,A
2865,B
2866,B
2867,B
2868,A
2869,D
2870,A
2871,B
2872,B
2873,D
2874,A
2875,C
2876,D
2878,D
2879,D
2880,B
2883,B
2886,A
2887,A
2888,D
2889,C
2890,C
2891,A
2893,D
2894,D
2895,D
2896,C
2897,B
2898,B
2899,B
2902,C
2903,D
2904,A
2905,C
2906,D
2907,D
2908,A
2909,D
2910,C
2911,A
2912,A
2913,C
2914,A
2915,B
2916,B
2918,B
2919,C
2920,A
2921,D
2924,C
2926,D
2928,D
2930,D
2932,A
2933,B
2934,A
2935,C
2936,D
2938,D
2939,A
2940,A
2942,B
2943,C
2944,D
2945,C
2946,D
2948,B
2949,B
2951,C
2953,B
2954,D
2955,A
2957,D
2958,C
2959,A
2960,A
2962,C
2963,C
2964,D
2965,A
2966,C
2967,B
2968,B
2969,A
2970,C
2971,D
2973,C
2974,D
2975,A
2977,A
2981,C
2982,B
2983,A
2984,C
2985,D
2986,D
2987,C
2988,B
2989,D
2990,A
2991,C
2992,D
2993,D
2994,B
2996,B
2997,B
2998,B
2999,B
3000,B
3001,A
3002,A
3003,A
3005,A
3006,D
3007,B
3008,A
3009,B
3010,C
3011,A
3012,C
3013,B
3014,A
3015,D
3016,C
3017,C
3018,D
3019,C
3020,A
3021,B
3022,D
3023,C
3024,D
3025,C
3027,B
3029,D
3030,A
3031,B
3032,C
3033,D
3034,D
3035,A
3036,C
3037,A
3038,C
3039,A
3040,A
3041,B
3043,C
3044,D
3045,A
3049,A
3051,B
3052,A
3053,A
3054,A
3055,D
3056,B
3057,B
3058,C
3059,D
3060,A
3061,A
3063,B
3064,D
3065,C
3066,D
3067,C
3068,A
3069,D
3070,B
3072,C
3073,D
3074,B
3076,C
3078,A
3080,A
3081,A
3082,D
3083,A
3084,A
3085,A
3086,A
3087,D
3088,A
3089,D
3091,A
3093,C
3094,C
3095,A
3096,D
3097,B
3098,C
3099,D
3100,A
3101,B
3103,A
3105,D
3106,D
3107,A
3108,D
3109,C
3110,D
3111,C
3112,B
3113,B
3114,C
3115,A
3116,B
3117,D
3118,A
3119,A
3123,A
3124,B
3125,B
3127,B
3129,D
3130,A
3131,B
3132,D
3133,C
3134,A
3135,A
3137,B
3138,B
3140,C
3142,C
3144,A
3145,D
3146,B
3147,B
3148,C
3149,A
3151,B
3153,C
3154,B
3155,D
3156,D
3157,D
3158,C
3159,A
3160,A
3162,A
3163,A
3164,D
3165,D
3166,C
3167,D
3168,D
3169,C
3170,C
3171,A
3172,B
3174,C
3175,B
3176,A
3177,C
3178,B
3180,A
3181,A
3182,B
3183,C
3184,D
3185,A
3187,B
3188,D
3189,A
3190,A
3191,C
3192,B
3194,D
3195,A
3196,A
3197,B
3198,C
3200,A
3201,C
3203,B
3205,A
3207,C
3209,B
3210,D
3211,A
3212,D
3214,C
3215,D
3216,C
3218,B
3219,A
3220,A
3221,C
3222,B
3223,D
3224,B
3225,D
3227,C
3228,D
3229,D
3230,B
3231,C
3232,B
3234,C
3235,A
3236,C
3237,D
3239,B
3240,A
3241,B
3242,B
3243,D
3245,C
3246,C
3247,D
3248,B
3249,A
3250,B
3251,C
3252,A
3253,C
3254,B
3255,D
3256,A
3257,D
3258,D
3259,A
3260,C
3261,C
3262,B
3263,A
3264,A
3265,D
3266,B
3267,A
3268,A
3270,D
3273,B
3274,B
3275,C
3276,A
3277,A
3278,B
3279,C
3280,A
3282,A
3283,A
3286,B
3287,B
3288,D
3289,D
3290,A
3291,A
3292,B
3293,D
3296,C
3297,C
3298,B
3300,C
3301,B
3302,B
3303,B
3304,B
3306,B
3307,A
3308,B
3309,C
3310,A
3311,A
3312,B
3313,B
3314,B
3315,C
3316,C
3317,C
3318,B
3319,A
3320,A
3321,D
3322,C
3323,C
3324,C
3326,D
3327,C
3328,D
3329,D
3331,C
3332,A
3333,D
3334,C
3335,C
3336,A
3337,C
3340,B
3341,D
3342,C
3343,C
3344,D
3345,C
3346,A
3348,C
3349,D
3350,B
3351,B
3352,B
3353,A
3354,D
3357,C
3358,A
3359,B
3360,A
3361,B
3363,D
3364,C
3365,D
3366,C
3367,B
3368,B
3369,C
3370,D
3372,C
3373,A
3374,B
3375,A
3377,A
3379,A
3381,D
3382,D
3386,B
3387,B
3388,C
3389,B
3391,D
3393,D
3394,D
3395,D
3396,D
3397,C
3399,D
3400,C
3401,C
3402,D
3404,D
3405,A
3407,B
3408,D
3409,D
3410,B
3411,D
3412,B
3413,C
3414,D
3415,D
3416,A
3417,D
3418,D
3420,B
3421,A
3422,C
3423,C
3425,B
3426,C
3427,A
3428,C
3429,A
3430,A
3431,A
3432,C
3433,D
3434,A
3435,A
3437,C
3438,D
3439,C
3440,A
3441,B
3442,C
3443,D
3444,D
3445,B
3446,B
3447,C
3449,C
3452,D
3453,D
3454,A
3455,D
3456,D
3457,D
3458,A
3459,B
3460,B
3461,C
3462,C
3463,D
3464,D
3465,B
3467,B
3468,C
3469,C
3470,B
3471,B
3472,C
3473,A
3474,B
3475,A
3476,D
3477,C
3478,D
3480,C
3481,C
3482,D
3483,A
3484,D
3485,B
3486,B
3487,B
3488,D
3489,D
3490,A
3491,B
3492,D
3494,C
3495,D
3496,B
3498,C
3499,A
3502,B
3504,C
3505,A
3506,D
3507,B
3508,C
3509,C
3510,C
3511,C
3513,B
3514,C
3515,C
3516,B
3517,C
3518,B
3519,B
3520,C
3521,A
3522,C
3523,B
3525,A
3526,A
3527,D
3528,B
3529,B
3531,D
3532,A
3534,C
3535,D
3536,B
3537,C
3538,A
3539,B
3540,C
3541,B
3542,B
3543,B
3544,C
3545,A
3546,A
3547,D
3548,A
3549,D
3550,A
3551,B
3552,B
3554,A
3555,C
3556,C
3557,B
3558,A
3559,A
3560,D
3561,C
3563,A
3565,A
3566,A
3567,A
3568,D
3570,D
3571,D
3572,A
3573,B
3574,D
3575,A
3576,B
3577,A
3578,D
3579,D
3580,B
3581,A
3583,B
3584,B
3585,D
3586,C
3587,B
3588,D
3589,D
3590,D
3591,D
3592,C
3593,C
3594,C
3595,A
3596,D
3597,C
3598,D
3599,C
3600,B
3601,A
3603,A
3604,D
3606,C
3609,D
3610,C
3611,A
3612,C
3613,A
3614,D
3615,C
3616,A
3617,A
3620,D
3621,B
3622,D
3623,B
3624,C
3625,B
3626,D
3627,D
3628,D
3630,B
3631,C
3632,A
3634,A
3635,A
3636,D
3637,D
3638,B
3639,D
3640,C
3641,C
3642,C
3643,B
3645,C
3646,D
3647,D
3648,C
3649,C
3650,A
3651,D
3652,B
3654,A
3655,A
3656,D
3657,D
3658,D
3659,A
3660,A
3661,D
3663,B
3664,C
3665,D
3666,A
3667,C
3668,C
3669,A
3670,C
3672,B
3673,D
3674,D
3676,C
3677,D
3678,D
3679,C
3680,D
3681,C
3683,A
3684,D
3686,B
3687,A
3688,A
3689,D
3692,D
3693,A
3694,A
3695,C
3696,A
3698,A
3699,D
3700,D
3701,A
3702,B
3703,C
3704,B
3706,C
3707,B
3708,B
3709,B
3710,B
3711,B
3712,D
3713,D
3714,C
3715,C
3716,A
3717,D
3719,B
3720,A
3721,A
3722,A
3723,D
3725,B
3727,D
3729,B
3730,B
3731,D
3733,B
3734,B
3735,C
3736,D
3738,A
3739,B
3740,B
3741,C
3743,A
3744,D
3746,B
3747,B
3748,A
3750,D
3751,C
3752,D
3753,A
3755,C
3756,C
3758,B
3759,A
3761,D
3762,A
3763,B
3764,B
3765,D
3766,C
3767,D
3768,A
3769,C
3770,C
3771,C
3772,A
3773,D
3774,C
3775,D
3777,C
3779,C
3780,A
3781,D
3782,D
3783,A
3784,D
3785,B
3786,D
3787,C
3788,C
3790,C
3792,D
3793,C
3794,D
3796,D
3797,A
3798,C
3799,A
3800,D
3801,D
3803,C
3804,C
3805,C
3806,C
3807,A
3808,B
3809,D
3811,A
3812,B
3813,A
3814,D
3815,D
3816,D
3818,D
3819,A
3821,A
3822,D
3823,D
3825,C
3826,B
3828,D
3829,A
3830,A
3831,A
3833,A
3834,D
3835,B
3836,D
3837,C
3838,C
3839,A
3840,A
3841,C
3842,C
3843,D
3844,A
3845,C
3846,A
3847,B
3848,B
3849,D
3850,C
3851,A
3853,D
3854,C
3855,A
3857,C
3858,C
3859,D
3860,A
3863,A
3865,C
3866,D
3867,B
3868,D
3869,D
3871,D
3872,B
3873,C
3875,D
3877,A
3878,A
3879,A
3880,D
3881,B
3883,D
3884,B
3885,D
3886,B
3889,D
3890,B
3891,B
3892,C
3893,D
3895,D
3896,B
3897,D
3898,B
3900,B
3902,D
3903,B
3904,A
3906,B
3907,C
3908,A
3909,C
3910,B
3911,A
3915,A
3917,C
3918,B
3919,B
3920,A
3921,A
3922,B
3923,A
3924,D
3925,C
3926,D
3928,D
3929,A
3930,D
3931,C
3932,D
3933,B
3934,D
3935,B
3936,D
3937,D
3938,C
3939,B
3940,D
3941,B
3942,B
3943,C
3945,A
3946,A
3947,C
3949,B
3950,B
3951,A
3953,D
3954,A
3957,C
3958,D
3959,B
3960,B
3961,A
3962,D
3963,A
3964,C
3965,C
3967,C
3969,A
3970,D
3971,B
3972,C
3973,A
3974,B
3975,D
3976,D
3977,D
3978,C
3979,A
3980,A
3981,B
3982,D
3984,D
3985,D
3986,B
3987,C
3988,B
3989,C
3991,C
3993,A
3996,A
3997,C
3998,B
4000,D
4001,B
4002,D
4003,B
4004,C
4005,C
4006,B
4007,B
4008,D
4009,D
4010,C
4011,B
4012,D
4013,C
4015,A
4016,D
4017,D
4018,C
4019,D
4020,C
4021,C
4022,B
4023,B
4024,D
4025,C
4026,D
4027,B
4028,B
4031,C
4032,B
4033,B
4034,D
4035,C
4036,C
4037,A
4039,A
4041,A
4043,C
4044,A
4045,C
4046,C
4048,A
4049,A
4050,D
4051,A
4052,B
4053,C
4055,D
4056,B
4058,B
4059,C
4061,A
4062,A
4063,C
4064,A
4065,C
4066,C
4067,C
4068,B
4069,A
4070,D
4071,A
4072,D
4073,C
4074,B
4075,C
4076,D
4078,B
4080,A
4081,B
4082,B
4083,D
4084,D
4085,C
4086,D
4087,C
4088,C
4089,D
4090,B
4091,C
4092,C
4093,C
4094,B
4096,D
4097,D
4098,A
4099,C
4100,A
4101,B
4102,D
4103,B
4104,D
4105,A
4107,D
4108,C
4109,A
4110,D
4111,D
4112,A
4113,C
4115,C
4116,A
4117,C
4119,D
4120,C
4121,D
4122,A
4123,D
4124,C
4125,A
4126,A
4127,C
4130,C
4131,C
4132,B
4133,B
4134,D
4136,D
4138,A
4139,B
4140,A
4142,D
4143,A
4144,A
4145,B
4146,D
4147,B
4149,B
4150,D
4151,A
4152,D
4153,D
4154,C
4155,A
4156,B
4158,D
4159,A
4160,C
4161,B
4162,B
4163,B
4164,B
4165,A
4166,B
4167,D
4168,B
4169,A
4170,D
4171,C
4172,C
4173,A
4174,A
4175,B
4176,C
4177,B
4179,A
4180,D
4181,D
4182,A
4183,C
4184,C
4185,A
4186,B
4187,D
4188,D
4189,A
4190,B
4191,D
4192,C
4193,B
4194,D
4195,D
4196,D
4197,A
4198,C
4199,C
4200,C
4201,B
4202,D
4203,C
4204,A
4205,C
4206,A
4207,A
4209,C
4210,D
4211,D
4212,D
4213,B
4214,C
4215,B
4217,A
4218,C
4219,A
4220,D
4221,B
4222,C
4223,B
4224,A
4225,D
4226,B
4227,D
4228,B
4229,D
4230,D
4231,A
4233,B
4234,A
4236,D
4237,A
4238,A
4239,B
4240,B
4243,D
4244,A
4246,B
4247,A
4248,D
4249,A
4250,C
4251,B
4252,B
4253,C
4254,C
4255,A
4257,D
4258,C
4259,A
4260,A
4261,B
4262,D
4263,D
4264,D
4265,A
4266,C
4268,D
4269,D
4270,D
4271,C
4272,D
4273,B
4274,D
4276,B
4277,C
4278,D
4279,C
4281,B
4282,D
4283,B
4284,D
4285,C
4286,D
4287,D
4288,C
4289,D
4290,C
4291,B
4292,D
4293,A
4295,C
4296,B
4297,B
4298,A
4299,C
4300,C
4301,C
4302,A
4304,A
4305,C
4306,B
4309,B
4312,A
4313,D
4314,D
4316,D
4317,D
4318,A
4319,C
4320,A
4321,D
4323,C
4324,B
4325,C
4328,A
4329,B
4330,A
4331,D
4332,A
4333,A
4335,B
4336,D
4337,B
4338,B
4339,A
4340,C
4341,C
4343,B
4344,C
4345,C
4346,C
4348,C
4350,D
4351,B
4352,B
4353,D
4355,D
4356,B
4358,C
4359,C
4360,C
4361,A
4362,D
4363,D
4364,D
4365,B
4366,B
4370,B
4371,B
4373,C
4374,C
4377,A
4378,D
4379,C
4380,C
4381,D
4382,B
4383,D
4384,A
4385,C
4386,B
4387,B
4388,B
4389,D
4390,B
4391,C
4394,B
4395,A
4396,B
4397,C
4398,B
4399,A
4400,B
4401,A
4402,C
4403,B
4404,D
4405,C
4408,C
4409,B
4410,B
4411,A
4412,A
4413,B
4414,B
4415,B
4416,B
4417,D
4418,B
4420,C
4423,B
4424,C
4425,C
4426,B
4428,A
4429,B
4430,A
4431,C
4433,C
4434,B
4435,D
4436,A
4437,A
4438,B
4439,D
4440,D
4441,C
4442,C
4443,D
4444,A
4445,D
4446,A
4447,D
4448,C
4449,B
4451,B
4452,C
4453,B
4454,A
4455,B
4456,C
4457,D
4459,D
4460,B
4461,D
4462,C
4464,B
4465,A
4466,D
4469,D
4470,D
4471,C
4472,A
4473,C
4474,B
4475,A
4477,C
4478,B
4479,D
4480,A
4481,D
4482,A
4483,D
4484,D
4485,A
4486,C
4487,C
4488,A
4490,D
4492,B
4493,C
4494,C
4495,A
4497,D
4498,A
4500,B
4501,C
4503,C
4504,C
4505,C
4507,D
4509,A
4510,D
4511,B
4512,D
4513,D
4514,A
4515,C
4516,C
4517,C
4520,B
4521,C
4523,D
4524,D
4526,B
4527,C
4529,B
4530,C
4531,A
4532,D
4533,C
4534,D
4535,B
4536,D
4537,C
4538,D
4540,A
4541,D
4542,C
4543,B
4544,A
4545,D
4550,B
4551,D
4553,B
4554,A
4555,B
4556,D
4557,B
4559,A
4560,A
4561,D
4562,C
4566,C
4567,C
4568,C
4569,C
4570,D
4571,B
4572,A
4573,D
4574,B
4576,C
4577,D
4578,A
4579,A
4580,C
4581,C
4582,C
4583,C
4584,D
4585,C
4587,D
4589,A
4590,D
4591,D
4592,D
4594,B
4596,C
4597,B
4598,D
4599,B
4600,D
4602,B
4603,C
4604,A
4605,B
4606,A
4607,D
4608,B
4611,B
4612,B
4613,A
4615,C
4618,B
4620,D
4622,A
4623,B
4624,C
4625,A
4626,D
4627,B
4628,B
4630,C
4631,D
4632,D
4633,D
4634,B
4635,A
4636,D
4637,D
4639,D
4640,C
4641,A
4642,C
4643,A
4644,A
4645,B
4646,B
4647,D
4648,B
4649,C
4650,B
4651,A
4652,C
4653,D
4654,B
4655,D
4656,D
4657,C
4658,B
4659,C
4660,D
4661,D
4663,D
4664,D
4666,A
4667,C
4668,C
4669,D
4670,B
4672,B
4673,D
4674,A
4675,A
4676,D
4677,D
4679,D
4680,D
4681,A
4682,D
4683,B
4684,C
4685,A
4686,D
4687,D
4688,D
4689,B
4690,B
4691,C
4692,C
4693,A
4694,D
4695,D
4696,C
4697,D
4698,A
4699,B
4701,D
4702,B
4704,C
4705,B
4706,D
4708,D
4710,A
4711,B
4712,C
4713,C
4714,A
4715,C
4716,D
4717,D
4718,B
4719,D
4720,C
4721,A
4722,C
4723,A
4724,A
4725,D
4726,A
4727,D
4728,D
4729,B
4730,D
4731,A
4732,A
4733,D
4734,D
4735,C
4736,B
4737,A
4738,A
4739,C
4741,B
4745,D
4746,D
4747,C
4748,A
4749,D
4750,A
4752,D
4753,A
4754,A
4755,B
4756,A
4759,D
4760,D
4761,B
4762,B
4763,D
4766,C
4767,C
4768,D
4769,B
4771,D
4772,C
4773,B
4774,A
4775,D
4776,D
4777,A
4778,C
4779,D
4780,D
4781,B
4783,B
4784,D
4785,C
4786,B
4787,B
4788,C
4789,B
4790,A
4791,C
4792,A
4793,C
4795,B
4796,B
4797,D
4798,C
4799,B
4800,C
4802,B
4803,B
4804,C
4805,D
4806,A
4809,D
4811,C
4812,D
4813,D
4814,C
4815,C
4816,C
4817,B
4818,D
4819,A
4820,A
4821,B
4822,D
4823,D
4824,B
4826,D
4827,D
4828,D
4829,B
4830,D
4831,D
4833,B
4835,C
4837,B
4838,A
4839,D
4840,B
4841,C
4842,D
4843,A
4844,B
4845,A
4846,C
4847,C
4849,A
4850,C
4851,C
4852,D
4853,D
4854,C
4855,C
4856,A
4857,B
4858,C
4859,A
4860,D
4861,A
4863,B
4864,C
4865,C
4866,C
4867,B
4868,C
4869,B
4870,A
4871,B
4872,B
4873,B
4874,D
4875,C
4876,C
4877,D
4878,D
4879,C
4880,B
4881,A
4882,C
4883,D
4884,B
4885,A
4886,A
4887,B
4888,D
4889,B
4890,C
4891,A
4892,B
4893,C
4894,B
4895,D
4896,C
4898,C
4899,B
4900,B
4901,A
4902,B
4903,C
4904,D
4908,B
4910,B
4911,A
4912,B
4914,A
4916,D
4917,B
4918,B
4919,A
4920,C
4922,A
4923,A
4924,D
4925,B
4926,D
4927,D
4928,B
4929,C
4930,D
4933,D
4936,C
4937,B
4938,D
4939,B
4940,D
4941,A
4943,D
4944,D
4946,C
4947,B
4948,D
4950,B
4951,A
4952,B
4953,A
4954,B
4956,B
4957,D
4958,A
4959,D
4960,C
4961,A
4962,A
4963,D
4964,D
4965,A
4967,D
4968,C
4970,C
4971,A
4972,A
4974,B
4975,A
4976,D
4977,B
4978,A
4979,D
4980,D
4981,D
4982,C
4984,B
4985,C
4986,A
4988,D
4989,A
4990,A
4991,D
4992,D
4993,B
4994,C
4995,B
4996,C
4999,C
5000,A
5001,A
5002,A
5003,C
5004,C
5005,C
5006,D
5007,C
5008,D
5009,C
5010,C
5012,D
5013,D
5014,C
5015,A
5016,C
5017,B
5018,C
5019,D
5020,D
5021,A
5023,A
5024,A
5025,A
5026,D
5027,A
5028,C
5030,C
5031,D
5032,D
5033,B
5035,B
5036,A
5038,A
5039,B
5041,C
5042,C
5044,C
5046,A
5047,C
5048,C
5049,D
5050,B
5052,A
5053,D
5055,B
5056,C
5057,B
5058,C
5059,B
5060,A
5061,B
5062,C
5063,C
5064,C
5065,B
5066,A
5067,C
5068,A
5069,C
5070,B
5071,B
5072,A
5073,C
5074,A
5075,B
5076,A
5079,B
5080,D
5081,A
5082,B
5083,C
5085,C
5086,D
5087,D
5089,B
5090,A
5091,A
5092,A
5093,C
5094,B
5095,B
5096,D
5097,B
5099,A
5100,A
5101,D
5103,B
5104,C
5105,B
5106,B
5107,B
5108,A
5110,B
5111,D
5112,B
5113,C
5114,B
5115,B
5116,C
5118,B
5119,C
5122,C
5126,B
5127,A
5128,A
5129,C
5130,C
5131,A
5132,A
5134,D
5135,C
5136,A
5137,D
5139,C
5140,A
5141,C
5142,D
5143,B
5144,C
5145,A
5146,C
5147,A
5148,C
5149,D
5150,A
5151,C
5152,C
5153,A
5155,D
5157,A
5158,C
5159,A
5160,C
5162,C
5163,A
5164,A
5165,D
5166,D
5167,D
5168,C
5170,A
5171,C
5172,D
5173,D
5174,D
5175,B
5176,C
5177,B
5178,A
5180,D
5181,D
5182,C
5183,D
5184,A
5185,B
5187,B
5188,A
5190,D
5191,D
5192,D
5195,A
5197,B
5198,A
5199,B
5200,C
5201,C
5203,B
5204,A
5205,C
5206,D
5207,C
5208,D
5209,A
5210,C
5212,A
5213,C
5214,B
5215,A
5216,A
5218,A
5219,A
5220,A
5221,D
5223,C
5224,B
5225,D
5226,D
5227,D
5228,C
5230,D
5231,D
5232,B
5233,A
5234,B
5235,C
5236,C
5237,D
5238,D
5239,C
5240,C
5241,B
5242,A
5243,A
5244,B
5245,B
5247,A
5248,B
5249,A
5250,D
5251,D
5252,B
5253,A
5255,D
5256,A
5257,C
5258,A
5260,B
5261,D
5262,D
5263,C
5264,C
5265,C
5268,B
5269,A
5270,B
5271,A
5272,D
5273,A
5274,B
5276,D
5277,D
5278,C
5279,B
5280,D
5281,C
5282,B
5284,A
5285,B
5286,B
5288,C
5289,B
5290,D
5291,C
5293,B
5294,B
5296,D
5297,B
5298,B
5299,B
5300,C
5301,B
5302,B
5304,D
5305,A
5306,A
5307,D
5308,D
5309,B
5310,D
5311,B
5312,C
5313,D
5314,C
5317,B
5318,C
5319,B
5320,C
5321,A
5322,A
5323,C
5324,B
5325,C
5326,A
5328,A
5329,D
5330,C
5331,C
5332,A
5333,D
5334,C
5335,A
5336,D
5337,D
5339,B
5340,D
5341,D
5342,B
5343,D
5344,C
5345,D
5346,D
5347,D
5348,D
5349,B
5351,A
5353,D
5354,C
5355,A
5356,D
5357,D
5358,B
5359,B
5361,D
5362,D
5363,B
5364,D
5365,C
5366,A
5368,D
5369,A
5370,A
5371,B
5374,B
5377,A
5378,C
5379,C
5380,D
5381,A
5382,A
5383,C
5385,A
5386,C
5387,B
5388,A
5389,B
5390,B
5392,B
5394,A
5395,A
5396,D
5397,C
5399,A
5400,D
5403,D
5404,A
5405,C
5406,C
5407,C
5408,D
5410,A
5411,B
5412,D
5413,B
5415,A
5416,C
5417,C
5418,C
5419,B
5421,C
5422,C
5424,A
5425,C
5426,D
5427,B
5428,B
5429,C
5430,C
5432,B
5433,C
5434,D
5435,B
5436,A
5438,A
5439,D
5440,D
5441,A
5442,B
5444,A
5446,B
5448,D
5449,A
5450,B
5452,A
5453,B
5454,A
5455,B
5456,D
5457,C
5458,D
5459,A
5460,B
5461,C
5462,B
5463,A
5464,C
5465,C
5468,D
5470,D
5471,D
5473,D
5474,B
5475,D
5476,C
5477,A
5479,D
5480,C
5483,C
5486,C
5488,B
5489,C
5490,C
5491,C
5492,B
5494,A
5495,A
5496,B
5497,A
5498,C
5499,A
5500,C
5501,D
5502,A
5503,B
5505,B
5506,B
5507,C
5509,B
5510,C
5511,A
5512,D
5513,C
5514,B
5515,D
5517,C
5518,B
5519,C
5520,D
5522,B
5524,C
5525,B
5526,D
5529,D
5530,C
5531,C
5533,D
5534,C
5535,D
5536,D
5537,C
5538,A
5539,B
5540,B
5541,D
5542,D
5543,C
5544,A
5545,B
5546,C
5547,A
5548,B
5549,D
5550,B
5551,D
5552,D
5553,A
5554,A
5556,D
5557,B
5559,A
5560,C
5562,B
5563,D
5564,C
5565,A
5567,C
5568,D
5569,B
5570,C
5571,B
5572,B
5573,C
5574,B
5575,B
5576,A
5577,B
5578,C
5579,A
5580,A
5581,C
5582,D
5583,B
5585,D
5586,C
5587,B
5590,A
5591,B
5592,B
5593,A
5594,B
5595,C
5596,B
5597,B
5598,D
5599,D
5600,C
5601,B
5603,D
5604,C
5605,A
5606,B
5607,B
5608,B
5609,D
5610,C
5611,B
5612,D
5613,A
5616,B
5617,D
5618,A
5619,C
5621,A
5622,B
5623,A
5626,B
5627,D
5628,A
5630,B
5631,C
5632,C
5633,D
5635,D
5636,B
5637,C
5638,B
5639,D
5642,D
5643,C
5645,D
5647,A
5648,B
5649,D
5650,C
5651,A
5652,A
5653,D
5654,B
5655,B
5656,A
5657,A
5658,D
5659,B
5660,B
5661,B
5663,C
5665,A
5666,C
5667,C
5668,D
5669,A
5670,A
5672,B
5673,B
5674,C
5675,C
5676,B
5678,D
5679,C
5680,C
5681,B
5682,B
5684,C
5686,B
5687,D
5688,C
5689,D
5690,C
5691,B
5692,D
5693,A
5694,D
5696,A
5698,C
5699,A
5700,A
5702,A
5703,B
5706,D
5707,D
5708,B
5709,D
5710,D
5711,C
5712,A
5713,D
5714,C
5715,B
5716,A
5717,A
5718,D
5719,D
5720,B
5721,D
5722,B
5723,B
5724,C
5725,D
5726,A
5727,B
5728,A
5729,C
5730,C
5731,C
5732,D
5737,B
5738,A
5739,C
5740,A
5741,D
5742,D
5743,A
5745,A
5747,C
5748,A
5749,B
5750,C
5751,B
5752,A
5753,A
5755,A
5756,B
5757,D
5758,A
5760,C
5761,C
5762,D
5763,A
5764,B
5765,B
5766,B
5767,C
5768,B
5769,D
5771,B
5772,C
5775,C
5776,A
5777,A
5778,A
5779,A
5781,C
5782,B
5784,A
5785,A
5786,B
5787,B
5788,A
5790,D
5791,A
5793,A
5795,B
5796,D
5797,B
5798,B
5799,C
5800,D
5801,A
5802,D
5803,C
5804,A
5805,D
5806,B
5807,B
5808,A
5809,A
5810,A
5813,D
5814,D
5815,C
5816,A
5817,A
5818,D
5819,B
5821,A
5824,B
5825,A
5828,D
5829,B
5830,D
5831,B
5832,D
5833,A
5834,B
5835,A
5836,C
5837,C
5838,B
5839,D
5840,C
5841,A
5842,C
5845,C
5846,B
5847,B
5850,D
5852,B
5853,D
5854,A
5855,C
5856,A
5858,C
5859,B
5860,A
5861,C
5862,A
5863,A
5864,D
5865,A
5866,D
5867,A
5869,D
5870,D
5871,C
5872,B
5874,C
5875,D
5876,D
5878,C
5879,D
5881,B
5883,B
5884,A
5885,C
5886,C
5887,C
5889,B
5890,B
5891,A
5892,D
5894,B
5895,C
5896,B
5899,C
5900,D
5902,B
5903,C
5904,C
5905,B
5906,B
5907,A
5908,B
5909,B
5910,B
5911,B
5912,B
5913,B
5915,B
5916,B
5917,B
5918,C
5919,A
5922,C
5923,B
5924,A
5925,D
5926,D
5928,A
5929,D
5930,A
5932,D
5933,C
5934,A
5935,B
5936,D
5937,A
5938,B
5939,C
5940,C
5941,C
5942,D
5943,C
5944,D
5945,B
5946,B
5947,B
5948,B
5949,C
5950,A
5952,C
5953,B
5954,D
5955,A
5956,B
5957,C
5958,B
5960,C
5961,B
5962,A
5963,A
5964,A
5965,C
5966,C
5968,A
5969,A
5970,B
5971,B
5972,B
5973,D
5974,A
5975,D
5976,A
5977,A
5979,D
5980,B
5981,C
5982,B
5983,A
5984,B
5985,B
5986,D
5988,B
5989,C
5990,A
5991,C
5992,D
5993,C
5994,A
5995,B
5996,A
5997,C
5998,C
5999,C
6000,D
6001,C
6002,A
6003,B
6004,C
6005,A
6007,C
6008,D
6009,B
6010,C
6011,C
6012,A
6014,C
6015,C
6016,A
6017,C
6018,B
6019,D
6020,D
6021,D
6023,C
6024,A
6025,C
6026,D
6028,A
6029,A
6030,B
6031,B
6032,C
6033,C
6034,A
6035,A
6036,C
6038,C
6039,D
6040,A
6041,C
6042,D
6043,C
6044,C
6045,D
6046,A
6047,D
6048,A
6049,C
6050,C
6051,A
6053,C
6054,D
6055,C
6056,B
6057,C
6059,D
6060,C
6061,C
6062,C
6063,D
6064,C
6066,D
6067,D
6068,A
6069,B
6070,D
6071,D
6072,C
6073,C
6074,A
6076,B
6078,D
6079,C
6080,C
6081,C
6082,B
6083,C
6084,B
6085,B
6087,C
6088,B
6089,A
6090,B
6091,A
6093,B
6095,D
6096,D
6097,C
6098,D
6099,B
6100,C
6101,D
6102,A
6103,D
6107,C
6108,D
6110,B
6111,C
6116,A
6117,A
6118,B
6119,D
6120,C
6121,D
6122,A
6123,C
6124,C
6126,A
6127,D
6129,B
6132,C
6134,D
6136,D
6138,B
6139,B
6140,D
6141,D
6142,A
6143,A
6144,D
6145,D
6146,D
6147,B
6148,A
6149,D
6150,C
6151,C
6152,D
6156,A
6157,B
6158,A
6159,D
6160,D
6161,B
6162,A
6163,A
6165,B
6166,C
6168,C
6169,C
6170,A
6171,D
6172,A
6173,D
6174,D
6175,D
6176,C
6177,B
6178,B
6180,A
6181,C
6182,A
6183,C
6184,C
6185,B
6186,C
6187,D
6188,A
6189,A
6190,A
6191,D
6192,D
6193,B
6194,A
6195,D
6197,C
6198,C
6199,D
6200,C
6201,C
6202,B
6203,D
6204,A
6205,C
6206,C
6207,C
6208,C
6209,A
6210,A
6211,A
6212,D
6213,A
6214,A
6215,B
6216,D
6217,A
6218,A
6220,D
6221,A
6222,B
6223,D
6224,C
6225,C
6226,D
6227,A
6228,D
6229,D
6230,B
6231,C
6233,A
6234,C
6235,B
6236,C
6237,D
6238,C
6239,D
6240,B
6241,A
6242,C
6245,C
6246,B
6247,A
6248,A
6249,C
6250,D
6251,D
6252,B
6254,C
6255,D
6256,B
6257,C
6258,C
6259,D
6260,D
6261,C
6263,D
6264,D
6265,B
6266,B
6267,A
6268,C
6269,D
6270,B
6272,A
6273,C
6274,D
6275,C
6276,D
6277,B
6278,A
6280,B
6281,A
6282,C
6283,D
6284,B
6285,A
6286,D
6287,B
6289,B
6290,A
6291,C
6293,C
6295,C
6296,A
6297,C
6300,A
6301,D
6302,B
6303,D
6305,D
6306,B
6307,D
6308,C
6309,C
6311,D
6312,B
6313,B
6314,C
6315,D
6317,D
6319,B
6320,D
6321,B
6323,A
6324,B
6325,A
6326,D
6327,D
6328,C
6329,C
6331,D
6332,D
6333,D
6334,B
6335,A
6336,A
6337,C
6338,B
6339,A
6340,D
6341,A
6342,B
6343,D
6344,B
6345,C
6346,D
6347,D
6348,D
6349,B
6350,D
6352,D
6353,B
6354,B
6355,D
6356,B
6357,B
6359,D
6360,D
6361,D
6363,B
6364,C
6365,A
6367,B
6368,D
6369,A
6370,D
6373,B
6374,C
6375,A
6376,D
6377,C
6378,B
6379,A
6380,C
6381,D
6382,D
6383,A
6384,B
6385,A
6386,B
6389,A
6390,B
6391,B
6392,D
6393,C
6394,A
6395,D
6396,B
6397,B
6398,B
6399,C
6400,B
6401,B
6402,B
6403,C
6404,B
6405,B
6406,C
6407,C
6408,D
6409,A
6410,C
6411,B
6412,A
6413,D
6414,C
6415,C
6416,D
6418,B
6420,A
6421,C
6424,B
6425,C
6427,D
6430,C
6431,D
6432,C
6434,C
6435,C
6436,D
6437,C
6438,C
6439,C
6440,C
6441,B
6443,C
6444,D
6445,A
6446,B
6447,C
6448,D
6449,B
6450,D
6451,D
6452,A
6453,B
6454,A
6455,D
6456,D
6457,A
6458,D
6460,B
6462,B
6463,C
6464,B
6465,B
6466,C
6467,D
6468,D
6469,A
6470,C
6471,C
6472,A
6473,B
6475,D
6476,D
6477,C
6479,A
6480,B
6481,B
6482,A
6483,C
6484,A
6485,A
6486,A
6487,B
6488,D
6491,B
6492,C
6493,A
6494,C
6496,B
6498,C
6499,B
6501,C
6502,C
6503,D
6505,A
6506,D
6507,A
6509,B
6511,B
6512,A
6513,C
6514,A
6515,A
6516,A
6518,A
6519,A
6520,A
6521,C
6522,B
6523,C
6524,A
6526,D
6528,C
6530,A
6532,D
6533,B
6534,B
6536,C
6539,A
6540,B
6541,A
6542,C
6543,B
6544,D
6545,C
6546,D
6547,C
6548,C
6549,C
6550,A
6551,C
6552,A
6553,C
6554,C
6555,D
6556,D
6559,D
6560,D
6561,C
6562,A
6563,D
6564,D
6565,A
6566,C
6567,D
6568,D
6569,C
6570,B
6571,A
6572,C
6573,D
6575,B
6577,B
6578,A
6579,B
6580,B
6581,D
6582,A
6583,D
6584,B
6585,A
6586,C
6587,C
6588,C
6589,A
6591,B
6592,A
6593,A
6594,D
6595,A
6596,B
6598,D
6599,B
6601,D
6603,B
6605,A
6606,C
6607,C
6608,A
6609,D
6610,A
6611,A
6612,A
6613,A
6614,B
6615,B
6616,A
6617,C
6618,A
6620,B
6621,A
6622,D
6623,B
6624,D
6625,C
6626,D
6627,A
6628,C
6629,C
6631,A
6632,D
6633,C
6634,B
6635,C
6636,B
6638,D
6639,C
6640,A
6641,A
6642,A
6645,D
6646,C
6649,A
6651,A
6652,C
6655,B
6656,C
6657,D
6659,C
6660,D
6661,B
6662,D
6664,C
6665,C
6666,C
6667,C
6669,B
6670,C
6671,B
6672,B
6673,D
6674,A
6675,A
6676,C
6677,A
6679,A
6680,B
6681,B
6682,C
6683,D
6684,B
6685,C
6686,A
6688,C
6689,D
6690,B
6692,D
6693,B
6694,A
6695,A
6696,B
6697,D
6698,D
6699,A
6701,C
6702,D
6704,C
6705,B
6706,B
6707,B
6708,C
6709,A
6711,C
6712,C
6713,B
6714,A
6715,C
6716,D
6719,C
6720,A
6721,B
6722,A
6725,C
6727,A
6728,C
6729,A
6730,D
6731,D
6732,C
6733,C
6735,D
6736,B
6737,A
6738,C
6739,D
6740,B
6741,A
6742,B
6743,B
6744,B
6745,A
6746,B
6747,B
6748,D
6749,C
6750,D
6752,B
6753,B
6755,D
6757,B
6758,D
6759,C
6761,C
6762,C
6763,A
6764,A
6766,B
6768,D
6769,D
6770,A
6771,C
6772,A
6773,B
6774,D
6775,D
6776,D
6777,C
6778,D
6779,D
6782,B
6784,C
6785,A
6786,D
6787,D
6789,C
6791,A
6792,B
6793,A
6794,A
6795,D
6796,B
6797,C
6798,B
6799,D
6800,B
6801,A
6802,C
6803,C
6804,B
6805,D
6806,D
6807,C
6808,A
6809,B
6810,D
6811,A
6812,C
6813,B
6814,C
6815,B
6817,A
6819,B
6820,B
6822,A
6823,D
6824,D
6825,B
6826,D
6828,C
6829,B
6830,A
6832,B
6833,C
6834,A
6836,A
6837,D
6839,D
6840,D
6841,D
6842,C
6843,A
6844,B
6845,B
6846,D
6847,B
6848,A
6850,C
6851,D
6852,B
6853,C
6854,D
6855,A
6856,A
6857,B
6858,B
6859,D
6860,B
6861,D
6862,A
6863,C
6864,C
6865,A
6866,D
6867,D
6868,D
6869,D
6870,C
6871,C
6872,D
6873,C
6876,D
6877,D
6878,C
6879,A
6880,D
6881,B
6882,C
6884,B
6885,B
6886,A
6887,B
6888,B
6889,B
6890,C
6891,B
6892,A
6893,C
6894,D
6895,B
6896,D
6897,B
6898,A
6899,D
6900,D
6901,D
6902,B
6904,D
6905,D
6906,A
6908,A
6909,A
6910,D
6912,A
6914,D
6915,D
6916,B
6917,D
6918,D
6919,A
6920,B
6921,D
6922,C
6923,C
6924,C
6925,C
6926,B
6927,B
6928,A
6929,D
6930,B
6931,C
6933,B
6934,D
6935,B
6936,D
6937,A
6938,C
6939,B
6941,D
6942,D
6943,A
6944,C
6945,A
6946,A
6948,C
6949,B
6950,A
6951,C
6953,C
6955,D
6956,C
6957,D
6958,D
6959,D
6961,B
6962,C
6963,D
6964,D
6965,C
6966,C
6967,C
6968,A
6969,D
6970,A
6971,C
6973,A
6974,A
6975,B
6977,A
6978,B
6979,A
6980,C
6982,A
6984,B
6985,D
6986,D
6987,A
6989,D
6990,A
6991,B
6992,D
6993,D
6994,C
6996,D
6997,C
6999,B
7000,B
7001,B
7002,B
7003,B
7005,D
7006,B
7007,D
7008,C
7009,D
7010,A
7011,D
7012,C
7013,D
7014,A
7016,C
7018,A
7020,C
7021,A
7022,B
7023,C
7024,A
7025,A
7026,A
7028,C
7029,C
7030,B
7031,D
7034,B
7035,B
7036,D
7037,C
7038,D
7040,B
7041,B
7042,A
7044,C
7045,D
7046,B
7047,C
7048,C
7049,A
7050,A
7051,A
7052,D
7053,A
7055,B
7057,C
7058,B
7060,C
7062,C
7063,A
7064,B
7065,C
7067,A
7068,C
7070,C
7071,A
7072,C
7073,C
7074,B
7075,D
7076,B
7077,C
7081,C
7084,A
7085,A
7087,B
7088,B
7090,B
7091,C
7093,A
7095,D
7097,D
7099,C
7100,D
7101,D
7102,A
7103,D
7104,C
7105,A
7107,C
7108,A
7109,B
7110,B
7111,D
7112,C
7113,C
7114,A
7115,A
7116,B
7118,C
7119,C
7120,A
7121,B
7123,B
7124,C
7125,D
7126,D
7127,A
7128,A
7129,C
7130,B
7131,B
7132,C
7133,A
7134,A
7135,D
7136,B
7137,A
7138,B
7139,A
7140,A
7141,D
7142,C
7145,A
7146,B
7147,D
7148,A
7149,B
7150,A
7152,D
7154,C
7155,B
7156,C
7157,C
7158,A
7159,D
7160,B
7161,A
7162,A
7163,B
7165,D
7166,B
7167,C
7168,C
7169,A
7172,B
7173,B
7174,A
7175,D
7177,C
7178,B
7180,C
7182,C
7183,A
7184,D
7185,C
7186,C
7187,B
7188,B
7191,C
7192,C
7193,C
7196,A
7197,C
7198,B
7199,A
7200,C
7201,B
7203,A
7204,B
7205,D
7207,D
7208,B
7209,A
7210,B
7211,C
7212,C
7213,B
7214,A
7215,B
7216,A
7218,C
7219,C
7220,B
7221,C
7222,C
7223,D
7224,A
7225,D
7227,C
7228,B
7229,C
7230,B
7231,C
7232,C
7233,C
7235,A
7236,C
7237,C
7238,C
7239,B
7242,B
7243,C
7244,D
7245,C
7246,D
7248,A
7249,A
7250,C
7251,A
7252,C
7253,D
7254,A
7255,D
7256,C
7257,A
7258,C
7260,C
7261,D
7263,D
7264,B
7265,D
7267,A
7268,B
7269,B
7270,C
7271,A
7272,C
7273,B
7274,C
7275,D
7276,B
7277,D
7278,B
7281,D
7282,B
7283,D
7285,C
7286,A
7287,B
7288,A
7289,A
7290,A
7291,C
7292,B
7293,D
7294,C
7295,D
7296,C
7299,A
7301,D
7303,D
7304,A
7305,C
7306,C
7307,D
7310,A
7311,A
7312,B
7314,A
7315,A
7316,C
7318,B
7319,A
7321,D
7322,B
7325,D
7326,C
7327,B
7328,C
7329,B
7330,D
7332,C
7333,A
7334,D
7335,A
7337,A
7339,C
7340,A
7341,B
7344,D
7345,C
7346,C
7347,C
7348,A
7349,A
7350,A
7351,B
7352,B
7353,C
7354,B
7355,A
7356,A
7358,A
7359,D
7360,D
7361,B
7362,A
7365,D
7366,A
7368,B
7369,B
7370,C
7374,C
7375,C
7376,C
7380,C
7381,B
7382,A
7383,C
7384,A
7385,B
7386,B
7387,A
7388,B
7389,A
7390,B
7391,D
7392,D
7393,B
7394,D
7396,B
7398,A
7399,A
7402,D
7403,A
7404,B
7405,A
7406,C
7407,C
7408,D
7410,B
7411,B
7412,D
7413,C
7415,C
7416,D
7417,A
7418,C
7419,A
7420,D
7421,D
7422,D
7423,C
7426,B
7427,D
7428,B
7429,A
7431,A
7432,B
7433,A
7435,D
7436,D
7437,B
7438,D
7439,B
7442,C
7444,D
7445,D
7446,B
7447,A
7448,A
7449,A
7450,D
7451,C
7452,B
7455,C
7457,C
7458,A
7459,A
7460,D
7461,C
7462,D
7463,B
7465,B
7466,C
7469,B
7470,A
7471,D
7472,D
7475,C
7476,B
7479,C
7480,D
7481,A
7482,C
7483,D
7484,C
7485,C
7486,B
7487,A
7488,C
7489,A
7490,C
7491,B
7494,C
7495,A
7496,D
7497,C
7498,D
7499,C
7500,B
7501,C
7502,B
7503,A
7506,A
7507,D
7508,A
7509,B
7510,B
7511,D
7513,C
7514,B
7515,D
7516,D
7517,A
7519,A
7520,B
7521,C
7522,A
7524,C
7525,C
7526,C
7527,C
7528,D
7531,C
7532,A
7533,A
7534,A
7537,B
7538,A
7545,B
7546,D
7547,C
7549,B
7550,D
7551,D
7552,D
7553,C
7554,B
7555,C
7556,C
7557,D
7558,C
7559,C
7560,D
7561,B
7562,A
7564,D
7565,A
7566,B
7567,D
7568,B
7569,B
7570,B
7571,D
7572,B
7573,D
7574,B
7576,C
7578,C
7579,B
7580,C
7583,A
7584,C
7586,D
7587,C
7589,A
7591,A
7592,C
7593,D
7594,D
7595,B
7596,A
7597,D
7598,C
7599,B
7600,B
7601,A
7603,A
7604,D
7605,C
7608,A
7609,A
7610,A
7611,D
7612,C
7613,B
7614,D
7617,C
7618,D
7619,C
7620,C
7621,D
7622,B
7623,B
7625,A
7626,A
7627,D
7628,A
7629,D
7630,A
7631,C
7632,D
7634,B
7635,B
7636,B
7637,B
7638,C
7640,A
7641,A
7642,A
7644,A
7645,D
7646,C
7647,A
7648,D
7649,C
7650,D
7651,D
7652,A
7653,D
7654,B
7657,C
7658,A
7659,B
7660,D
7661,C
7662,D
7663,B
7664,D
7665,D
7667,C
7668,C
7669,A
7670,A
7671,A
7672,B
7675,C
7676,A
7677,D
7679,D
7680,A
7681,A
7682,C
7683,C
7684,C
7686,D
7687,C
7688,A
7689,D
7690,B
7691,D
7692,C
7693,B
7694,D
7695,B
7696,B
7697,D
7698,C
7699,A
7700,D
7701,B
7703,A
7704,A
7705,A
7706,A
7707,C
7708,C
7709,A
7710,B
7711,C
7712,C
7714,D
7718,C
7719,C
7720,A
7721,C
7722,C
7723,A
7724,D
7726,A
7727,C
7728,A
7729,B
7730,B
7731,B
7732,C
7733,D
7735,B
7736,D
7737,C
7738,A
7739,A
7740,B
7741,A
7742,C
7744,B
7745,C
7746,C
7747,A
7748,D
7749,B
7750,B
7751,A
7752,C
7753,B
7754,D
7755,A
7757,D
7758,D
7760,C
7762,C
7764,C
7766,D
7767,A
7768,B
7769,C
7770,D
7771,B
7772,C
7773,D
7774,C
7777,C
7779,B
7780,B
7781,D
7782,D
7783,D
7784,B
7785,B
7786,D
7787,C
7788,A
7789,B
7791,C
7792,D
7793,D
7794,B
7796,B
7797,C
7798,D
7799,D
7800,C
7802,A
7803,B
7804,C
7805,D
7806,B
7807,C
7808,D
7809,A
7810,C
7811,D
7812,D
7813,D
7814,D
7815,C
7816,C
7817,C
7818,D
7819,D
7820,D
7821,D
7822,D
7824,D
7825,D
7826,D
7827,B
7828,A
7831,B
7832,A
7833,C
7834,B
7835,B
7836,D
7837,B
7838,A
7839,C
7840,C
7841,A
7842,D
7843,C
7844,A
7845,A
7846,D
7847,D
7848,B
7849,D
7852,C
7853,D
7854,B
7855,D
7856,A
7857,C
7858,A
7859,A
7860,C
7861,B
7862,C
7863,D
7864,C
7866,C
7867,B
7868,D
7869,B
7871,C
7873,C
7874,C
7875,A
7876,B
7877,C
7878,C
7879,D
7880,A
7881,B
7882,B
7883,D
7885,C
7886,C
7887,C
7888,D
7889,C
7890,B
7891,B
7892,B
7893,D
7894,A
7895,C
7897,D
7898,B
7900,D
7901,D
7902,D
7903,B
7904,D
7905,A
7907,A
7908,D
7909,C
7910,A
7911,C
7912,D
7914,D
7915,C
7916,A
7917,C
7918,C
7919,D
7920,D
7921,B
7922,A
7923,A
7924,A
7927,A
7928,C
7929,B
7930,D
7931,A
7932,D
7934,D
7936,C
7938,B
7939,A
7940,B
7941,D
7942,C
7944,C
7945,B
7946,B
7947,A
7948,C
7949,A
7950,A
7951,A
7952,D
7953,A
7954,C
7955,D
7956,D
7957,D
7958,C
7959,B
7960,C
7961,D
7962,D
7963,C
7964,C
7965,C
7966,C
7967,D
7968,A
7969,D
7970,B
7971,C
7972,A
7973,D
7974,D
7975,A
7976,C
7977,C
7979,D
7980,D
7981,C
7982,C
7983,D
7984,C
7985,A
7986,C
7988,D
7989,B
7990,A
7993,C
7994,B
7996,D
7998,D
7999,D
8000,D
8001,C
8002,A
8003,A
8004,D
8005,D
8006,B
8007,D
8010,B
8012,D
8013,A
8014,C
8015,A
8016,C
8018,D
8019,B
8021,D
8022,C
8023,C
8025,D
8026,C
8027,C
8028,D
8031,A
8032,D
8033,D
8034,B
8035,B
8036,C
8037,C
8038,B
8039,D
8041,D
8042,C
8043,B
8045,A
8046,B
8048,D
8050,C
8051,A
8052,C
8053,D
8054,B
8055,D
8056,B
8057,D
8058,A
8059,D
8060,A
8061,C
8062,B
8064,D
8065,D
8066,B
8067,B
